ひ, Sun
月, Moon
ひ, Sun
月, Moon
ひ, Sun
月, Moon
ひ, Sun
月, Moon
ひ, Sun
月, Moon
ひ, Sun
月, Moon
ひ, Sun
月, Moon
ひ, Sun
月, Moon
ひ, Sun
月, Moon
ひ, Sun
月, Moon
ひ, Sun
月, Moon
ひ, Sun
月, Moon
ひ, Sun
月, Moon
ひ, Sun
月, Moon
ひ, Sun
月, Moon
ひ, Sun
月, Moon
ひ, Sun
月, Moon
ひ, Sun
月, Moon
ひ, Sun
月, Moon
ひ, Sun
月, Moon
ひ, Sun
月, Moon
ひ, Sun
月, Moon
ひ, Sun
月, Moon
ひ, Sun
月, Moon
ひ, Sun
月, Moon
ひ, Sun
月, Moon
ひ, Sun
月, Moon
ひ, Sun
月, Moon
ひ, Sun
月, Moon
ひ, Sun
月, Moon
ひ, Sun
月, Moon
ひ, Sun
月, Moon
ひ, Sun
月, Moon
ひ, Sun
月, Moon
ひ, Sun
月, Moon
ひ, Sun
月, Moon
ひ, Sun
月, Moon
ひ, Sun
月, Moon
ひ, Sun
月, Moon
ひ, Sun
月, Moon
ひ, Sun
月, Moon
ひ, Sun
月, Moon
ひ, Sun
月, Moon
ひ, Sun
月, Moon
ひ, Sun
月, Moon
ひ, Sun
月, Moon
ひ, Sun
月, Moon
ひ, Sun
月, Moon
ひ, Sun
月, Moon
ひ, Sun
月, Moon
ひ, Sun
月, Moon
ひ, Sun
月, Moon
ひ, Sun
月, Moon
ひ, Sun
月, Moon
ひ, Sun
月, Moon
ひ, Sun
月, Moon
ひ, Sun
月, Moon
ひ, Sun
月, Moon
